채널명,기존판정,실사결과,채널명(API),channel_id,구독자_실측,30일_업로드수,30일_평균조회수,최근_업로드,판정_규모,판정_활동성,최근_제목_샘플
김어준의 겸손은힘들다 뉴스공장,통과,OK,김어준의 겸손은힘들다 뉴스공장,UCAAvO0ehWox1bbym3rXKBZw,2320000,50+,406601,2026-07-26,Y,Y,"[김어준의 겸손은힘들다 뉴스공장 2026년 7월 27일 월요일[박현광,  | [#탁현민의더뷰티플] 역대급 호불호 'HOPE' 탁비 별점 공개 | 사이 | [#탁현민의더뷰티플] 한국 바둑은 자신 없어? 'AI한테 질 자신'... | 2026년 7월 24일(금) 다섯시 이재석입니다(이봉우X이용주X강윤혁), | [홍사훈쑈] 드디어 당론 결정ㅣ박주민X신장식X최강욱ㅣ2026년 7월 24 | [12시에 만나요] 재점화된 미-이란 전쟁🫨 원유 급등에 흔들리는 우리  | [정준희의 논] 명태균의 늪, 윤석열·오세훈까지 유죄ㅣ2026년 7월 2 | 김어준의 겸손은힘들다 뉴스공장 2026년 7월 24일 금요일 [이광수X남"
[팟빵] 최욱의 매불쇼,통과,OK,[팟빵] 최욱의 매불쇼,UCMYhq9OyGI5UEz_NTAoHY7A,2850000,50+,491831,2026-07-25,Y,Y,분노조절장애가 많아지는 이유! (자가 테스트) [코너별 다시보기 - 07 | 태항호 작살내는 호랑이 최욱 (넷플릭스 동궁) [0724] | 주진우 때문에 진심 화가난 우원식 | 조희대가 다 망칠 수 있다! (7대범죄 전건송치) | 풀버전 (07.24 | 김이나님~ 야한 얘기해줘서 고마워요 | 눈물겨운 최욱의 빌드업 대성공 (작사가 김이나) [코너별 다시보기 - 2 | 개인들 털리기 쉬운 상황!  [코너별 다시보기 - 260723] | 이것이 진짜 부동산 토론이다!｜풀버전 (26.07.23)
스픽스 SPEAKS,통과,OK,스픽스,UCgeOlLcX6PReHdWImEnUVTg,1550000,50+,7579,2026-07-26,Y,Y,"민경윤 ""장기적으로 좋다고 봅니다, 만 포인트 갈 겁니다"" | 작년 정청래 지지자도 돌아섰다… 광주 시민이 직접 던진 '그 한마디' | 민경윤 ""금융위 보도자료에는 환율 내용이 없어요"" | 민경윤이 의심하는 그 발표의 진짜 이유 | 민경윤 ""ELW 사건 수사한 분이 이성윤 검사입니다"" | 민경윤 ""운용사들이 위험하다고 했는데 금융위가 규정을 개정했다"" | 전계완 ""화재가 계속 나는데도 쿠팡 빼면 살 데가 없다"" | 민경윤 ""2천억 보증 섰지만 물어낼 일 없을 거예요"""
새날,통과,OK,[공식] 새날,UCu1FzjrHosuKGvgIx8oBi8w,1140000,50+,25821,2026-07-26,Y,Y,"핵심 지지층이 느슨해지면 생기는 일 | [비하인드 짤] 최민희의 직진 / 국회에 레카가 있다! | [신상철] 충주시장 재검표 선관위는 왜 그랬을까? #이미지스캔 | 도플갱어 #이진관 #황교익 #shorts #새날 | 리더십 붕괴 국힘, 진짜는 27일에 온다 | 흥미로운 GMO 토론 #이재명 #shorts #새날 | [전현희] 겹경사 맞은 전현희 - 감사원 무법자 유병호 구속! 오세 | [일주일몰아보기] 본격 시작된 극한의 전당대회 / 유병호 오세훈 보내버린"
김용민TV,통과,OK,김용민TV,UCljnbFCt-4doBr7wtEIIbbw,897000,50+,28340,2026-07-26,Y,Y,"[김용민 브리핑] 아침7시 LIVE🔴 2026년 7월 27일 월요일 l  | 정청래를 파묘하다 | 내가 하면 추론, 남이 하면 조롱 #유시민 #추론 #논리 | 유작가님 그만하시면 좋겠습니다 #유시민 #어물전 #썩은내 | 이러면 청와대에서 힘들어해요 #정청래 #청와대 #유시민 | 이석현 몰래 엿들었다 “언론사 내부 이걸로 격론 붙었다 ‘유시민 발언 보 | 이석현 본 경선 전망 “김민석 유리하고 또 대표될 것… 그러나 정청래도  | 서용주 예비경선 분석 “여성 3명 본선진출? 그건 反최민희 정서… 당 대"
오마이TV,통과,OK,오마이TV,UClAfLVQYZSLrMAQQ_SXPVZw,2480000,50+,14890,2026-07-26,Y,Y,"[생중계] 더불어민주당 최고위원회의 (2026. 7. 27. 오전) | [브라질 국빈방문] 비행 시간은? 공중급유 가능? 어라 화장실? '폭풍  | [박정호의 핫스팟 7월 27일] 김부선부터 극우 유튜버까지 '알정찍' ㄷ | [최보라+김지호+박영식] 가슴 웅장 이재명 대통령 '샌프란 AI 선언'! | 땀 뻘뻘 연설 김민석 ""무서운 사이비가 나타나도 때릴 것!!!"" | 김민석 ""의리와 사명감 이재명 대통령 성공! 김민석 당대표 승리!!!""  | 김민석 ""동지가 칼을 들이대고 더 흔들어 ㄷㄷㄷ 예전에도 그랬는데"" #s | 김민석 ""반명 노코멘트? 지도부 자격 없다!"" #shorts #오마이tv"
미디어 민중의소리 MediaVOP,보류,OK,민중의소리 MediaVop,UCLiK08tsWKL5bNoz1f8sHsw,874000,50+,10067,2026-07-25,Y,Y,"'5.18 북한군 개입설' 퍼뜨린 전한 | 국민의힘 원내대표실에서 욕설과 멱살잡이 소동 | AI 빅테크와 핵심 자원 외교. 미국과 남미3국 순방길 오른 대통령 #이 | ""잔금대출 안돼"" 울먹이자 즉각 답 내놓은 이재명 | “김희정.이만희.송석준….” 돌아온 국힘, 6개 상임위원장 발표 순간 | 환히 인사하다 표정 바뀌며…한성숙 국무총리 3분 스피치 | “영남을 품는 전국 정당” 최고위원 본경선 진출 임미애의 포부 | 당대표 본경선 진출 송영길 ""대체불가 대한민국 만들어 가겠다"""
사장남천동,통과,OK,사장남천동,UCUFpe4kv7GRPEddLfCJOIzQ,590000,20,173534,2026-07-24,Y,Y,"[남천동生라이브!] 권영진이여, 철컹철컹 윤리위 급행열차를 타라! | [남천동生라이브!] 선거가 열린다는 소식만 들어도 기분이 좋은 난가여사  | [남천동生라이브!] 무상급식으로 한방! 명태로 또 한방! 가장 특별한 특 | [남천동生라이브!] 밤티나는 소리하면 결국 빵으로 가는 법.. | [남천동生라이브!] 그저 반대를 위한 반대.. 그 정도 역량입니까? | [남천동生라이브!] 찰스가 올공으로 간 까닭.. (ft.한정민) | [남천동生라이브!] 이재명 정부 믿고 끝까지 갈 사람 손! | [남천동生라이브!] 지지율 황금고블린의 등장입니다! 짝짝!"
장윤선의 취재편의점,통과,OK,장윤선의 취재편의점,UCAVVxLmPDFkSTROPue8ZrRA,750000,50+,7802,2026-07-26,Y,Y,"🔴[260727] ‘친명좌장‘ 정성호, 검찰개혁에 반기.. 대통령 만류해 | 🟣[주말편의점_다시보기] 최민희 ‘뉴이재명 님들’ 전상서-‘두 개의 태양 | 🟣[주말편의점_다시보기] 신천지 의혹, 위헌정당 논란까지 ‘일파만파’-수 | 🟣[주말편의점_다시보기] 민주 전대 뒤흔드는 ‘신천지 의혹’-정청래 ‘신 | 🟣[주말편의점_다시보기] [단독] 청와대 보완수사권 취재했더니-김남희 ‘ | [야간편의점] [단독] 청와대 보완수사권 취재해보니..조국당과 큰 차이  | 🔴 [청기백기] 이재명 대통령 순방 - 부동산 대토론회 - 보완수사권 비 | 형소법 개정안 7월말 ‘완전 마무리’-‘수사권 폐지’ 앓던 이 빠진 기분"
박시영TV,통과,OK,박시영TV,UCIMv9bOOGWGIfg6wPcRLItQ,694000,25,145890,2026-07-26,Y,Y,"[클립영상] 이재명 대통령은 왜! / 김민석의 '신천지 무리수' | [경제만화방] 외국인 투자자들의 기준은? 지속되는 매도의 진짜 이유 (f | [당산동카페] 정청래, 드디어 민주당 지지층 1위 / 당을 망치는 김민석 | [희포신문] 정청래, 호남에서 김민석 눌러 / '신천지 무리수' 코너에  | [최강신박] 이재명 대통령은 왜! / 김민석은 신천지 개입 근거 제시하라 | [내부자들] '민주'가 사라진 더불어민주당 / 전당대회, 왜 초박빙으로  | [경제만화방] 레버리지 대책, F학점 / 변동폭은 지금보다 점차 줄어들  | [당산동카페] 겸공에서 탈탈 털린 '보완수사권' / 전당대회 지역별 당원"
이큐채널,통과,OK,이큐채널,UCek6BDHDbP2C5pzbXDAoc4A,422000,36,4856,2026-07-26,Y,Y,신천지 빨리 밝히고 정리해야/오세훈 안철수 나경원 신동욱/김민석 정청래 | 여름 길 고양이 자주 밥을 줬더니 가까이 오네요 | 보궐선거 빨리온다/정청래 김민석 신천지/안철수 장동혁/고성국 악재 | 서울시장 보궐선거 열리면 안철수가 가장 유력하다 | 안철수 서울시장 설로 뜨자 견제하는 고성국 | 오세훈과 선관위 때문에 장동혁입지/민주당 당대표 정청래 김민석/서울시장 | 이재명 지지율 30%진입코앞/오세훈 항소/청년팔이 정치인 | 오세훈 내년1월 최종선고/서울시장 안철수 있다/유시민 이재명 썩었다?
배승희 변호사,통과,OK,배승희 변호사,UC8SZ88GQa9XWwZxLNibO3ug,1780000,50+,68716,2026-07-26,Y,Y,"이재명은 끝났다[따따부따] | 이재명 못 들어온다..[따따부따] | 이재명 부동산 토론, 게스트 혹시나? 역시나! | 이재명 이자만 월 천?! 대체 어떤 관계길래?? | 이재명 집 팔자마자... 보유세 3배나 올린다고?? | 이재명 등기부 봤더니, 충격적 내용! 뭐길래?? | 오세훈 낙마 바라는 친한계? 진짜 속내는?? | 감추기 급급! 난리난 정황은? [배승희 뉴스배송 장예찬 출연]"
고성국TV,통과,OK,고성국TV,UCM8BcGB6BWKq3utIMhGKnUA,1340000,50+,77004,2026-07-26,Y,Y,"[고성국TV 생방송 26년 7월 27일 (월) 생방송] | 유시민-김민석-정청래 내전, 극단에 이르렀다 [칼럼 모아보기] | 부정선거 드러났다, 윤석열이 옳았다 [정론일침 모아보기] | 공천혁명을 위해 우리가 해야 할 2가지 [정치특강] | 곽종근, 20년 토사구팽 | 골프 쳤나, 안 쳤나 말 못하는 이재명 #이재명 #골프 #태릉 #해군 | 슈퍼주니어 최시원, 진짜 개념 연예인이 나타났다 | 급해진 김민석, 이젠 노무현까지 끌어들여 #김민석 #노무현 #유시민"
펜앤드마이크TV,통과,OK,펜앤마이크TV,UCOqCunaF9qVN8bXwsK0HT3g,1980000,50+,69524,2026-07-26,Y,Y,"선관위, 보고있나? 최시원의 품격! ""소중한 한표 가치 지키기 위해"" [ | ""선거 조작이 이렇게 쉬웠어?""...전국민이 충격받았다 [출연:이효원┃선 | 이재명 초비상! 진격의 정청래...정청래 33.7% 김민석 22.0%!  | 소년가장이라며 울었던 정민철, 5000만원 넘는 '테슬라 신차' 오너였어 | 장동혁 쫒아낼려고 이정도까지? 제정신 아닌 자들이 국힘에 있다 [출연:손 | 지지층·중도층 다 떠나가는 이재명, 지지율 폭락에 폭락 거듭하고 있다 [ | 강인한 장동혁과 '올공' 합류 안철수, 국힘 내부 분탕자들 '업보' 청산 | 극좌들도 ""내려와라 이재명!"" 부동산 커뮤 발칵 뒤집혔다 [출연:목격자K"
이봉규TV,통과,OK,이봉규TV,UCxuf3GXK290vcpFW0lxm0Uw,979000,50+,17580,2026-07-26,Y,Y,"하나님의 명령 털어놓는다.[정사라 무궁화어머니 회장] | “산둥반도 인쇄지 FBI 압류”[이상로] | 요즘 학교 교육, 중학생의 폭로 충격 | 5명 아이 엄마의 폭로 빼박 | 조계종 사태 끝나간다 [성호스님] | ""합수본 수사 결과 발표에 또 걸려들었구나"" [맹주성 교수] | 혈관 깨끗하게 하는 황, 하나면 된다 [서동찬] | 트럼프, 사기와의 전쟁 승기 잡았다 [지만원]"
김태우TV,통과,OK,김태우TV,UCyuV4qJTRTHmdhBveSVJAew,831000,50+,13546,2026-07-24,Y,Y,"합수본 선관위 수사확대 경기 外 지역선관위도 ‘투표율 조작 입력’ 정황 | 선관위 투표율 통계 조작 정황 포착 | 이재명 집팔자마자 보유세 3배 언급! 우원식, 배우자 출장 지적에 전용기 | 이재명 매도자 대출, 파장 크다! | 이재명 부동산 정책 구멍 자인한 꼴! | 주진우 의원 대폭격! 우원식 전 국회의장, 82억 해외출장 14회 모두  | 부동산 척결의지? 이재명,시세차익 3억 기부하라! | 이재명 아파트, 취임 전보다 3억 이상 더 남겼다! 인천 선관위 직원 숨"
성창경TV,통과,OK,성창경TV,UCFWIofVBqseX6Bmd9Dn7kgg,1280000,50+,97118,2026-07-26,Y,Y,"""韓, 빅테크와 1300兆 규모 협력"" 충격 내막 이가 나선 이유 (20 | 이 측근 줄줄이 도망? 각자도생 난리났다 이정권 붕괴 신호? (2026. | 김부선, 정청래 관련 폭탄 발언 민주당 발칵 난리났다 (2026.7.26 | 멱살 잡고 난동 권영진 폭행혐의 피고발, 국힘도 충격 조치 (2026.7 | 홍준표 폭탄 발언 ""너 때문에 검찰 해체 보완수사권도 박탈"" (2026. | 중학교서 이재명 자서전 추천했다가 발칵 학부모 들고일어났다 (2026.7 | SNS에 화제 된 '형조판서 정성호 사직상소' 이재명 발칵 (2026.7 | 호남 반도체 물건너 갔다? 무안군, 군공항 이전 회의 불참 발칵 (202"
황장수의 뉴스브리핑,통과,OK,황장수의 뉴스브리핑,UCR0VAgd0w8QI7WWQ0E8Srdw,567000,50+,16019,2026-07-25,Y,Y,"[황장수의 주말진단]진짜 두려운건「악의건재」가 아닌  / 스스로 악이 되 | [황장수의 주말진단]무조건 모이고 패거리짓는 습성 / 고독하게 살아가는  | 4부:국조, 특검 주장하고「선관위해체」「반대하던 국힘」이제사「선관위해체? | 3부:급락코스피 / 유가,미증시,금리 악재 쌓여 / 한나절 못내다보고 1 | 2부:李지지 갤럽최저 51% / 독재타도 외치던 자들이 보여준「민주독재」 | 1부:금요칼럼)비루한 암흑의 시대, 당신 어떻게 살고있나? 스쳐가는 바람 | 4부:李지지율40.8%, 부정56.5%(코리아정보리서치) / 선관위 투표 | 3부:연말쯤 댓가치룰 주식도박판 책임 바로「너」(2026.07.23)"
신인균의 국방TV,보류,OK,신인균의 국방TV,UCbgqDFODvh-q38ouzoKKkVA,1530000,50+,187033,2026-07-26,Y,Y,"韓 유럽 군함 수출 연패의 이유! 잭팟과 쪽박의 갈림길! | 한국 미사일 줄 선다더니? 韓 방공미사일의 충격 실태! | 불바다 된 러시아 대도시들! 美, 지지율 폭락한 푸틴, 계엄령 준비중! | 자폭 버튼 누르려는 이란! 확전 예고 트럼프! NATO까지?! | 美 육군, 이란 국경부대 타격! 지상전 임박! 병원선 이동! | 홍해까지 확전! 후티 공격에 연합군 지상 진격! | 불바다 된 러시아! 개전 후 최대 피해! | 美 B-1B, 이란 폭격작전 복귀! 이란 전역 폭격!"
최병묵의 FACT,통과,OK,최병묵의 FACT,UC9Hlfu1tksuFbo2peL1ohnA,570000,50+,54686,2026-07-26,Y,Y,"[최병묵의 팩트] 이재명, 경찰 칭찬하면서 정성호엔 침묵 왜 | [최병묵의 팩트] 정성호 사의 표명 시점이 중요한 이유 | [최병묵의 팩트] 친청계의 신천지 '경언유착' 의혹 제기 실체는 | [최병묵의 팩트] 정성호는 '이재명 공소취소' 포기했다 왜 | [최병묵의 팩트] 이재명이 선도한 아파트 매매 활기 아이러니 | [최병묵의 팩트] '국민의힘 신천지 유착 의혹' 무너졌다 왜 | [최병묵의 팩트] 박지원도 인정한 '정청래 역전'의 이유 | [최병묵의 팩트] 이재명 '헬기타고 땅찾기' 전에 해야할 일"
서정욱TV,통과,OK,서정욱TV,UCNzWZmsJ2QmBss30LeZZTdg,740000,50+,50569,2026-07-26,Y,Y,"철강도시 공장 멈추니 상가 줄 폐업, 심각한 경제, 도미노처럼 무너진다. | 답은 레버리지다! 초고위험에도 식지 않는 개미들의 투기 광풍, 복구하려다 | 국가가 돈을 뿌리는데, 왜 국민들은 더욱 살기 어려워질까? 곧 대한민국도 | 은행 대출 안나오는데, 개인 간 대출 권장하나? 전 세계 놀림감인 이재명 | ""특검 여러분, 나중에 안전할 것 같나?"" 특검 향해 폭탄 경고 날린 윤 | 판 깨진 호남 반도체! 이전 후보지 무안군, 군공항 회의 또 불참 파문  | 질문자 선정부터 대출 승인까지! 이재명의 완벽한 '짜고 치는 고스톱' | | 전임자 줄구속에 정성호 벌벌! '내가 왜 손에 피 묻히고 교도소 가나' "
홍카콜라 (홍준표),통과,OK,TV홍카콜라,UCfmicRK2-WdZMVQDrfcitLA,740000,6,11947,2026-07-25,Y,경계,홍준표의 좋은 세상 만들기 ep.14 장동혁 대표에게 권고한다 | 박재홍의 한판승부 다녀옴 2부 | 박재홍의 한판승부 다녀옴 1부 | 홍준표의 좋은 세상 만들기 ep.13 징계는 당 질서 확립니다 . 삼사  | 홍준표의 좋은 세상 만들기 ep.12 호남 반도체는 국토균형 발전이다. | 홍준표의 좋은 세상 만들기 ep.11 당권 경쟁과 당권 다툼 점입가경이다
정청래TV,통과,OK,정청래 TV떴다!,UCNRVHeIfz11ggS_JJvJFTnw,694000,50+,29315,2026-07-26,Y,Y,"정세현 장관이 말하다. 1인1표, 누가 흔드는가? | 정세현 장관, 자기정치란? | 정셰현 장관이 말하다. 정청래의 선당후사. | 울산 도착! | 울산에 왔습니다. | 울산에서도 알정찍. | 지하철역에서. | 대구, 많이들 오셨네요."
박주민TV,보류,OK,박주민TV,UCoFvuvMlEPICy1ClmlgzA4g,372000,9,5274,2026-07-23,Y,Y,"빼고 빼서 천만 원 | 오세훈, 항소심에서 더 나와야 | 오세훈 시장 1심 현장 | 오세훈의 3가지 '유죄 각' | 총리도 못하는 일 | 알고리즘을 넘어설 방법 | 언제까지 보완수사권 | '법률가'로서 역할만 하면 된다"
국회방송 NATV,통과,OK,NATV 국회방송,UCL-WOj1FxKR8Hlzg5tvnWKg,311000,50+,1500,2026-07-24,Y,Y,"[국회방송 생중계] 문화체육관광위원회 - 간사 선임의 건 (26.7.24 | 김민석 '신천지 의혹'…임세은 ""전당대회 유불리와 무관, 사전 경고 차원 | 국민의힘 ""선관위 종합특검 촉구""…부동산토론회 개최 (26.7.24.)  | 민주당 ""검찰 '보완수사권 완전 폐지' 당론 채택"" (26.7.24.)  | 22번째 어린이국회 열려…조 의장 ""대한민국 이끄는 씨앗 되길"" (26. | 선관위 개혁 초점…야 ""선관위 중심"" vs 여 ""행안부·대통령실도"" (2 | 국힘 ""답정너 쇼"" 비판…이재명 대통령 부동산 대토론회 공방 격화 (26 | [다시보기] ""검찰 보완수사권 완전 폐지 당론 추인"" (26.7.24.)"
채널A 뉴스TOP10,통과,OK,채널A 뉴스TOP10,UCIIpmDPVk7nzNHEUSHmvkUg,1430000,50+,19768,2026-07-26,Y,Y,"[1위 몰아보기] 장윤기 압수수색 영장에 이름 잘못 쓴 경찰? 금주의 뉴 | ""낡은 제도 해체해야, 2028 총선 준비"" / #채널A #뉴스TOP10 | 李 대통령에 직접 호소 '잔금 열사' 누구? / #채널A #뉴스TOP10 | 이어지는 부정선거 공세 ""끝까지 힘 모아달라"" / #채널A #뉴스TOP1 | [다시보기] 정청래 “이번에도 당심이 이긴다” | 2026년 7월 26일 | 정점식 “보완수사권 폐지 시 정부·여당 동반 몰락” / 채널A / 뉴스  | 이 대통령 움직인 ‘팰다르크’ 누구? / 채널A / 뉴스 TOP10 | 권영진 ‘멱살잡이’ 파장…동료 의원들도 쓴소리 / 채널A / 뉴스 TOP"
JTBC 장르만 여의도,통과,OK,장르만 여의도,UCsqWTNmoaNPvsfeCgaD7BpQ,653000,50+,115721,2026-07-26,Y,Y,"우리 같이.. 신천지 가짜 당원 잡아 볼래??? | 투표 통계 조작 물었더니 ""최종 투표율이 중요한 거 아닌가요?"" '황당  | 단일레버리지 규제, 효과 있을까?? | 유시민, 평론할 가치가 있습니까? 그렇게 생각한다는데? | 영화 '호프' 호불호의 진실!? 왜 갈렸는지 알려드립니다 | 삼전닉스 언제 들어가야 되냐고 물었더니...[7월23일 방송] | “10만원이라면서요”…생활서비스 현장서 ‘추가요금 폭탄’ | 권영세 ""장동혁, 본인 사익 추구 위해 당 운영…사퇴해야"""
CBS 한판승부,통과,OK,박재홍의 한판승부,UCV9gIwasozKlwz5U2Sa2q6g,972000,50+,123615,2026-07-25,Y,Y,"유시민의 어물전론? 박지훈도 ""하..쓰읍""[한판승부] | 정청래 작은아버지 JMS? 강성필 ""너 많이 부족해""[한판승부] | ""늦었을 때가 늦은 겁니다"" 요즘 제일 핫한 60대 정일영 | ""내 책이 | 박원석 ""그날은 제가 저쪽에 앉았어요"" 금태섭 ""최태원 회장, 나한테 맡 | 7/24(금) 다이나믹 민주당 전대 어디까지 가나 (박원석 금태섭 정옥임 | 박원석 생방중 예상 적중 ""정성호는 못견뎌""[한판승부] | 최태원 뒷얘기들은 금태섭 ""제게 맡겨주시면 싸게""[한판승부] | 정옥임 “고성 너무 커 다 들릴 정도” 박원석 ""상임위 문제 뿐일까?""["
박성태의 뉴스쇼 (CBS·舊 김현정의 뉴스쇼),통과,OK,박성태의 뉴스쇼,UC4Aa3OPkMenwTANpf0oWVRQ,1640000,50+,71121,2026-07-26,Y,Y,"[🔴뉴스연구소💡] ""정성호 장관 사의표명 / 샌프란시스코 깐부 회동 /  | 미 빅테크 5개사 숨은 빚 2450조 (김대호 박사) | 정성호 법무장관 사의, 왜? (이동학, 김종혁, 이기인) | 7/25(토) | 주말뉴스쇼 | 미 빅테크 5개 기업, 숨은 부채 245 | ""유시민의 콤플렉스는?"" 뜻 일치한 서정욱·노영희 | ""이재명이 바로 똘똘한 한 채!"" 부동산 정책에 분노한 서정욱 | [🍯댓꿀쇼] “대통령과 화해할 생각 없대!” 유시민 얘기 전해들은 서정욱 | 호남 반도체 전기·물 공급? ""2029년까지 완성 가능!"" | 김성환 기"
MBC 라디오 시사,보류,OK,MBC 라디오 시사,UCTTmtS2ljy1vyl_s-d_LEHQ,1860000,50+,36886,2026-07-26,Y,Y,"[시선집중LIVE🔴] 검찰개혁(김남희) / 스벅 노조(유승민) / 최고위 | [김치형의 뉴스하이킥] 저마다 '대통령' 앞세우는 정-김-송 / 유인태  | [이정민의 정치인싸] 세밀하게 분석해 보면, 정청래 상승세 뒤에 유시민  | [이정민의 정치인싸] 세밀하게 분석해 보면, 정청래 상승세 뒤에 유시민  | [김경일의 물음표] 모두가 농구에 미쳐있던 그 시절, 다시 안 오는 이유 | [김경일의 물음표] 최희암 전 감독 / 현 부회장의 인재 활용 비법은? | [김경일의물음표] ""요즘 축구가 난리인데..."" 최희암이 본 한국 농구의 | [이정민의 정치인싸] 오세훈 1심 쇼크, 뒤숭숭한 국힘｜국힘 윤리위 내분"
서울의소리,보류,OK,서울의소리 VoiceOfSeoul,UCUxTPRSns--l5BX2537u7Rw,1620000,50+,3873,2026-07-26,Y,Y,"[류효상의 ‘신통알’] 제 799회 7월27일 월요일ㅣ장동혁 ""이재명 정 | [초심 백은종의 희망찬 모닝콜] 이 대통령은 AI 외교, 국힘은 멱살잡이 | [생중계] 국회 산업통상자원중소벤처기업위원회 - 간사 선임의 건 | [생중계] 국회 운영위원회 - 법안 상정 등 | 🇰🇷 이재명 대통령, 미국 ‘AI 외교’ 마치고 브라질로 출발! 공군 1 | [LIVE] 악질•거짓 선동 모스탄·심하보 구속 촉구! 은평제일교회 앞  | “끝까지 서울을 지키겠다” 12·12 군사반란에 맞선 참군인 장태완 장군 | [생중계] 반드시 이재명 정부의 성공과 국민 행복 ❗전 당원 투표참여운동"
이동형TV,통과,OK,이동형TV,UCd4BxCKyMHG2J0X1SerTPaQ,794000,50+,102141,2026-07-26,Y,Y,"팔았어도 안 팔았어도 어떻게든 욕 했을 것 | 식당 밥그릇에 담배 끄던 리얼 무법의 시대 | 화가 많은 최민희에게 이동형이 건넨 조언은? | 5분만에 사라진 무료 생수, 중국 욕할 것 없다 | [하일라이트] 10억을 포기하고 판 대토 | 10억을 포기하고 팔았는데 근저당을 문제 삼아? | 유시민 김어준 최욱 빼고 ""모두 다 쓰레기?"" | TV에 나오고 유명하면서 민주당색이 옅은 사람? 찾았다!!"
고발뉴스TV,보류,OK,고발뉴스TV,UCX7-K_PSdtAiUDLEMQwrRoQ,820000,50+,158950,2026-07-26,Y,Y,국방부가 왜 이래? 전쟁날까 걱정하는 아들에게~ | 정청래의 브로멘스.. 그 진실을 밝힌다~ | 하이라이트] 신천지 대거 유입..민주당 비상..김민석 캠프 전략 전환 묘 | 민주당 경선 컷오프 분석..신천지 개입설 폭발..파장은?..이상호의 뉴스 | 정청래 튀는 여론조사 왜? 침묵의 김어준은 알고있다 | 민주당 예비경선 투표율 비상..본선이 흔들린다..대책은? | 호남일보 회장은 호남 명태균..정청래 모르는척 노룩 인사? | 유시민 잡는 탈취제 떴다..정청래 비겁한 노코멘트 파문
김어준의 다스뵈이다,보류,OK,딴지방송국,UCxvU6bRtYhNLvZleAIGa-FQ,1440000,4,8726,2026-07-22,Y,경계,"[Westy Live] Ep.32 자유를 노래하는 밴드 트루스텔러 | [Westy Live] Ep.31 세상에 선문답을 던지는 음악 이야기꾼  | [Westy Live] Ep.30 본토에서 인정한 그루브, 리치맨&그루브 | [Westy Live] Ep.29 행복을 발견하는 아티스트 남달리"
정치 읽어주는 여자,통과,OK,정치 읽어주는 여자,UC-hc6yLEjk5C5gMTJKFGlPw,697000,50+,127177,2026-07-26,Y,Y,"갑자기 다급해진 김민석 근황... 왜 그렇게 겁에 질린 걸까? | 최욱은 이미 알고있었다...언론이 기괴하다는 장인수 기자 | 이재명은 다를 줄 알았는데... 참다못한 장인수 기자의 한마디 | 소름끼치는 김남희 망언... 실명으로 박제한 황희두 이사 | ""대체 왜 이렇게 변했나?"" 계엄 영웅의 추락, 박선원 해명문 대참사.. | 박선원 정치인생 사망 위기... 유시민 조롱하더니 ""입 닫아라"" 공개 모 | 뉴시스 기자라고? 최민희 정색하더니,""이언주 텔레그램 밝혀라"" 현장 초 | 기자회견중 최민희 발칵... ""당신 뉴시스 기자라고?"" , ""이언주 텔레"
매일신문 유튜브,보류,OK,매일신문,UCGrraKQiTF-ml0KqPQ8mrUA,860000,50+,51880,2026-07-26,Y,Y,"[7/27 월 LIVE] 07시 30분 생방송 시작합니다 [이동재의 뉴스 | [현장영상] 태극기 티셔츠 입고 대구 찾은 장동혁 “애국시민이 선관위 서 | [LIVE] 장동혁, 대구 참정권 침해 규탄집회 참석…전국 순회 장외 행 | 박수민 의원이 진단하는 ""집값 못 잡고 세금만 올리는 보유세 개편 논란"" | 李의 부동산 토론회, 한마디로""동맥경화 환자한테 소화제 주고 떠난 의사"" | 與 보완수사권 폐지, 여론조사 결과는 철저히 외면 ""'국민은 잘 모를 거 | 李, 집 팔고 순방 떠나자  벌어진 놀라운 일! ""레임덕각?“ [일타뉴스 | 보완수사권, 결국 '폐지 확정'…정청래 ""기뻐서 눈물난다"" [일타뉴스]"
